content,title
https://www.geeksforgeeks.org/amazon-interview-experience-set-424-sde-2/,"<h1 class=""entry-title"">Amazon Interview Experience | Set 424 (For SDE 2)</h1>"
https://www.geeksforgeeks.org/amazon-interview-experience-set-423-cloud-support-associate/,"<h1 class=""entry-title"">Amazon Interview Experience | Set 423 (For Cloud Support Associate)</h1>"
https://www.geeksforgeeks.org/find-ith-index-character-in-a-binary-string-obtained-after-n-iterations/,"<h1 class=""entry-title"">Find i’th Index character in a binary string obtained after n iterations</h1>"
https://www.geeksforgeeks.org/amazon-interview-experience-set-417-sde-2/,"<h1 class=""entry-title"">Amazon Interview Experience | Set 417 (For SDE- 2)</h1>"
https://www.geeksforgeeks.org/amazon-interview-experience-set-416-campus-internship/,"<h1 class=""entry-title"">Amazon interview Experience | Set 416 (On Campus for Internship)</h1>"
https://www.geeksforgeeks.org/amazon-interview-experience-set-422-sde-ii/,"<h1 class=""entry-title"">Amazon Interview Experience | Set 422 (For SDE II)</h1>"
https://www.geeksforgeeks.org/amazon-interview-experience-set-415-sde-2/,"<h1 class=""entry-title"">Amazon interview Experience | Set 415 (For SDE-2)</h1>"
https://www.geeksforgeeks.org/maximum-number-chocolates-distributed-equally-among-k-students/,"<h1 class=""entry-title"">Maximum number of chocolates to be distributed equally among k students</h1>"
https://www.geeksforgeeks.org/amazon-interview-experience-set-419/,"<h1 class=""entry-title"">Amazon Interview Experience | Set 419</h1>"
https://www.geeksforgeeks.org/check-array-contains-contiguous-integers-duplicates-allowed/,"<h1 class=""entry-title"">Check if array contains contiguous integers with duplicates allowed</h1>"
https://www.geeksforgeeks.org/reverse-individual-words/,"<h1 class=""entry-title"">Reverse individual words</h1>"
https://www.geeksforgeeks.org/amazon-interview-experience-set-420-qae/,"<h1 class=""entry-title"">Amazon Interview Experience | Set 420 (For QAE)</h1>"
https://www.geeksforgeeks.org/closest-numbers-list-unsorted-integers/,"<h1 class=""entry-title"">Closest numbers from a list of unsorted integers</h1>"
https://www.geeksforgeeks.org/amazon-interview-experience-set-421-internship/,"<h1 class=""entry-title"">Amazon Interview Experience | Set 421 (For Internship)</h1>"
https://www.geeksforgeeks.org/amazon-interview-experience-set-418-sde-2/,"<h1 class=""entry-title"">Amazon Interview Experience | Set 418 (For SDE 2)</h1>"
https://www.geeksforgeeks.org/amazon-interview-experience-set-405sde-ii/,"<h1 class=""entry-title"">Amazon Interview Experience | Set 405 (SDE-II)</h1>"
https://www.geeksforgeeks.org/amazon-interview-experience-set-406-off-campus-internship/,"<h1 class=""entry-title"">Amazon Interview Experience | Set 406 (Off-Campus Internship)</h1>"
https://www.geeksforgeeks.org/amazon-interview-experience-set-407-internship/,"<h1 class=""entry-title"">Amazon Interview Experience | Set 407 (Internship)</h1>"
https://www.geeksforgeeks.org/amazon-interview-experience-set-408-internship/,"<h1 class=""entry-title"">Amazon Interview Experience | Set 408 (Internship)</h1>"
https://www.geeksforgeeks.org/amazon-interview-experience-set-409-sde/,"<h1 class=""entry-title"">Amazon interview Experience | Set 409 (For SDE-I)</h1>"
https://www.geeksforgeeks.org/amazon-interview-experience-set-410-campus-internship/,"<h1 class=""entry-title"">Amazon Interview Experience | Set 410 (On-Campus Internship)</h1>"
https://www.geeksforgeeks.org/prime-number-set-bits-binary-representation/,"<h1 class=""entry-title"">Prime Number of Set Bits in Binary Representation</h1>"
https://www.geeksforgeeks.org/amazon-interview-experience-set-403-campus-full-time/,"<h1 class=""entry-title"">Amazon Interview Experience | Set 403 (On Campus for Full Time)</h1>"
https://www.geeksforgeeks.org/amazon-interview-experience-411-sde-1/,"<h1 class=""entry-title"">Amazon interview Experience | 411 (SDE-1)</h1>"
https://www.geeksforgeeks.org/amazon-interview-experience-set-412-sde-ii/,"<h1 class=""entry-title"">Amazon interview Experience | Set 412 (SDE II)</h1>"
https://www.geeksforgeeks.org/check-two-expressions-brackets/,"<h1 class=""entry-title"">Check if two expressions with brackets are same</h1>"
https://www.geeksforgeeks.org/amazon-interview-experience-set-413-sdet-1-campus-internship/,"<h1 class=""entry-title"">Amazon interview Experience | Set 413 (SDET-1 On-Campus Internship)</h1>"
https://www.geeksforgeeks.org/amazon-interview-experience-set-414-sdet-1/,"<h1 class=""entry-title"">Amazon Interview Experience | Set 414 (For SDET-1)</h1>"
https://www.geeksforgeeks.org/smallest-number-k-product-digits-k-equal-n/,"<h1 class=""entry-title"">Smallest number k such that the product of digits of k is equal to n</h1>"
https://www.geeksforgeeks.org/amazon-interview-experience-set-404-campus-internship/,"<h1 class=""entry-title"">Amazon Interview Experience | Set 404 (On-Campus Internship)</h1>"
https://www.geeksforgeeks.org/amazon-interview-experience-402-experienced-sde-2/,"<h1 class=""entry-title"">Amazon Interview Experience | 402 (Experienced for SDE 2)</h1>"
https://www.geeksforgeeks.org/amazon-interview-experience-set-393-campus-internship/,"<h1 class=""entry-title"">Amazon Interview Experience | Set 393 (On Campus For Internship)</h1>"
https://www.geeksforgeeks.org/amazon-interview-experience-set-395-campus-internship/,"<h1 class=""entry-title"">Amazon Interview Experience | Set 395 (On-campus for Internship)</h1>"
https://www.geeksforgeeks.org/amazon-interview-experience-set-394-campus-full-time/,"<h1 class=""entry-title"">Amazon Interview Experience | Set 394 (On-Campus Full Time)</h1>"
https://www.geeksforgeeks.org/puzzle-city-truth-lies/,"<h1 class=""entry-title"">Puzzle | City of Truth and Lies</h1>"
https://www.geeksforgeeks.org/amazon-interview-experience-set-390-campus/,"<h1 class=""entry-title"">Amazon Interview Experience | Set 390 (On-Campus)</h1>"
https://www.geeksforgeeks.org/amazon-interview-experience-set-392-campus-internship/,"<h1 class=""entry-title"">Amazon Interview Experience | Set 392 (On Campus for Internship)</h1>"
https://www.geeksforgeeks.org/amazon-interview-experience-set-392-sde-2/,"<h1 class=""entry-title"">Amazon Interview Experience | Set 392 (For SDE 2)</h1>"
https://www.geeksforgeeks.org/amazon-interview-experience-set-396-sde-2/,"<h1 class=""entry-title"">Amazon interview experience | Set 396 (For SDE-2)</h1>"
https://www.geeksforgeeks.org/amazon-interview-experience-set-397-campus/,"<h1 class=""entry-title"">Amazon interview experience | Set 397 (On-Campus)</h1>"
https://www.geeksforgeeks.org/amazon-interview-experience-set-400-sde-2/,"<h1 class=""entry-title"">Amazon Interview Experience | Set 400 (For SDE 2)</h1>"
https://www.geeksforgeeks.org/amazon-interview-experience-set-398-campus/,"<h1 class=""entry-title"">Amazon interview experience | Set 398 (On-Campus)</h1>"
https://www.geeksforgeeks.org/amazon-interview-experience-399-campus-full-time/,"<h1 class=""entry-title"">Amazon Interview Experience | 399 (On Campus for full time)</h1>"
https://www.geeksforgeeks.org/find-index-first-1-infinite-sorted-array-0s-1s/,"<h1 class=""entry-title"">Find the index of first 1 in an infinite sorted array of 0s and 1s</h1>"
https://www.geeksforgeeks.org/amazon-interview-experience-3years-experience-sde-ii/,"<h1 class=""entry-title"">Amazon Interview Experience | 401 (3+Years Experience for SDE II)</h1>"
https://www.geeksforgeeks.org/amazon-interview-experience-set-389-campus-full-time/,"<h1 class=""entry-title"">Amazon Interview Experience | Set 389 (On -Campus for Full Time)</h1>"
https://www.geeksforgeeks.org/amazon-interview-experience-set-377-campus-full-time/,"<h1 class=""entry-title"">Amazon Interview Experience | Set 377 (On-campus for Full time)</h1>"
https://www.geeksforgeeks.org/amazon-interview-experience-380-campus/,"<h1 class=""entry-title"">Amazon Interview Experience | 380 (On-Campus)</h1>"
https://www.geeksforgeeks.org/amazon-interview-experience-set-381-sde2/,"<h1 class=""entry-title"">Amazon Interview Experience | Set 381 (For SDE2)</h1>"
https://www.geeksforgeeks.org/amazon-interview-experience-set-378-campus/,"<h1 class=""entry-title"">Amazon Interview Experience | Set 378 (On-Campus)</h1>"
https://www.geeksforgeeks.org/print-possible-strings-can-made-placing-spaces-2/,"<h1 class=""entry-title"">Print all possible strings that can be made by placing spaces</h1>"
https://www.geeksforgeeks.org/amazon-interview-experience-set-382-campus-full-time/,"<h1 class=""entry-title"">Amazon Interview Experience | Set  382 (On-Campus for Full Time)</h1>"
https://www.geeksforgeeks.org/amazon-interview-experience-379-campus-internship/,"<h1 class=""entry-title"">Amazon Interview Experience | 379 (On-Campus for Internship)</h1>"
https://www.geeksforgeeks.org/prove-atleast-one-three-consecutive-even-numbers-divisible-6/,"<h1 class=""entry-title"">Prove that atleast one of three consecutive even numbers is divisible by 6</h1>"
https://www.geeksforgeeks.org/amazon-interview-experience-set-383-campus-internship/,"<h1 class=""entry-title"">Amazon interview experience | Set 383 (On-Campus for Internship)</h1>"
https://www.geeksforgeeks.org/amazon-interview-experience-set-384-campus-fte/,"<h1 class=""entry-title"">Amazon interview experience | Set 384 (On-Campus for FTE)</h1>"
https://www.geeksforgeeks.org/amazon-interview-experience-set-385-campus-internship/,"<h1 class=""entry-title"">Amazon Interview Experience | Set 385 (On Campus for Internship)</h1>"
https://www.geeksforgeeks.org/amazon-interview-experience-set-386-campus-internship/,"<h1 class=""entry-title"">Amazon Interview Experience | Set 386 (On Campus for Internship)</h1>"
https://www.geeksforgeeks.org/amazon-interview-experience-set-387-campus-internship/,"<h1 class=""entry-title"">Amazon Interview Experience | Set 387 (On -Campus for Full Time)</h1>"
https://www.geeksforgeeks.org/amazon-interview-experience-set-388-campus-full-time/,"<h1 class=""entry-title"">Amazon Interview Experience | Set 388 (On -Campus for Full Time)</h1>"
https://www.geeksforgeeks.org/amazon-interview-experience-set-375-campus-internship/,"<h1 class=""entry-title"">Amazon Interview Experience  | Set 375 (On Campus for Internship)</h1>"
https://www.geeksforgeeks.org/maximum-sum-lengths-non-overlapping-subarrays-k-max-element/,"<h1 class=""entry-title"">Maximum sum of lengths of non-overlapping subarrays with k as the max element.</h1>"
https://www.geeksforgeeks.org/amazon-interview-experience-set-376-campus-internship/,"<h1 class=""entry-title"">Amazon Interview Experience | Set 376 (On Campus for Internship)</h1>"
https://www.geeksforgeeks.org/amazon-interview-experience-set-363-campus-internship/,"<h1 class=""entry-title"">Amazon Interview Experience | Set 363 (On-Campus for Internship)</h1>"
https://www.geeksforgeeks.org/amazon-interview-experience-set-364-campus/,"<h1 class=""entry-title"">Amazon Interview Experience | Set 364 (On-Campus)</h1>"
https://www.geeksforgeeks.org/amazon-interview-experience-set-265-internship/,"<h1 class=""entry-title"">Amazon Interview Experience | Set 265 (For Internship)</h1>"
https://www.geeksforgeeks.org/amazon-interview-experience-set-369-campus/,"<h1 class=""entry-title"">Amazon Interview Experience | Set 369 (On-Campus)</h1>"
https://www.geeksforgeeks.org/amazon-interview-experience-set-266-sde-2/,"<h1 class=""entry-title"">Amazon Interview Experience | Set 266 (SDE 2)</h1>"
https://www.geeksforgeeks.org/amazon-interview-experience-set-367-campus-internship/,"<h1 class=""entry-title"">Amazon Interview Experience | Set 367 (On-Campus for Internship)</h1>"
https://www.geeksforgeeks.org/amazon-interview-experience-set-368-phone-onsite/,"<h1 class=""entry-title"">Amazon Interview Experience | Set 368 (Phone and Onsite)</h1>"
https://www.geeksforgeeks.org/amazon-interview-experience-set-370-campus-internship/,"<h1 class=""entry-title"">Amazon Interview Experience | Set 370 (On Campus for Internship)</h1>"
https://www.geeksforgeeks.org/amazon-interview-experience-set-371-sde-2/,"<h1 class=""entry-title"">Amazon Interview Experience | Set 371 (For SDE-2)</h1>"
https://www.geeksforgeeks.org/amazon-interview-experience-set-372-sde-ii/,"<h1 class=""entry-title"">Amazon Interview Experience | Set 372 (For SDE II)</h1>"
https://www.geeksforgeeks.org/amazon-interview-experience-set-373-sde-2/,"<h1 class=""entry-title"">Amazon Interview Experience | Set 373 (For SDE 2)</h1>"
https://www.geeksforgeeks.org/amazon-interview-experience-set-374-campus/,"<h1 class=""entry-title"">Amazon Interview Experience | Set 374 (On-Campus)</h1>"
https://www.geeksforgeeks.org/amazon-interview-experience-set-362/,"<h1 class=""entry-title"">Amazon Interview Experience | Set 362</h1>"
https://www.geeksforgeeks.org/find-k-numbers-occurrences-given-array/,"<h1 class=""entry-title"">Find k numbers with most occurrences in the given array</h1>"
https://www.geeksforgeeks.org/number-groups-sizes-two-three-divisible-3/,"<h1 class=""entry-title"">Number of Groups of Sizes Two Or Three Divisible By 3</h1>"
https://www.geeksforgeeks.org/second-repeated-word-sequence/,"<h1 class=""entry-title"">Second most repeated word in a sequence</h1>"
https://www.geeksforgeeks.org/puzzle-two-robot-parachute-line/,"<h1 class=""entry-title"">Puzzle | Two robot with parachute in a line</h1>"
https://www.geeksforgeeks.org/amazon-interview-experience-set-357-1-5-years-experienced/,"<h1 class=""entry-title"">Amazon Interview Experience | Set 357 (For 2.5 Years Experienced)</h1>"
https://www.geeksforgeeks.org/amazon-interview-experience-set-358-off-campus/,"<h1 class=""entry-title"">Amazon Interview Experience | Set 358 (Off-Campus)</h1>"
https://www.geeksforgeeks.org/amazon-interview-experience-set-360-campus/,"<h1 class=""entry-title"">Amazon Interview Experience | Set 360 (On-Campus)</h1>"
https://www.geeksforgeeks.org/amazon-interview-experience-set-359-on-campus/,"<h1 class=""entry-title"">Amazon Interview Experience | Set 359 (On-Campus)</h1>"
https://www.geeksforgeeks.org/amazon-interview-experience-set-361/,"<h1 class=""entry-title"">Amazon Interview Experience | Set 361</h1>"
https://www.geeksforgeeks.org/create-customized-data-structure-evaluates-functions-o1/,"<h1 class=""entry-title"">Create a customized data structure which evaluates functions in O(1)</h1>"
https://www.geeksforgeeks.org/queries-counts-array-elements-values-given-range/,"<h1 class=""entry-title"">Queries for counts of array elements with values in given range</h1>"
https://www.geeksforgeeks.org/count-words-appear-exactly-two-times-array-words/,"<h1 class=""entry-title"">Count words that appear exactly two times in an array of words</h1>"
https://www.geeksforgeeks.org/find-index-first-1-sorted-array-0s-1s/,"<h1 class=""entry-title"">Find the index of first 1 in a sorted array of 0’s and 1’s</h1>"
https://www.geeksforgeeks.org/print-middle-level-perfect-binary-tree-without-finding-height/,"<h1 class=""entry-title"">Print middle level of perfect binary tree without finding height</h1>"
https://www.geeksforgeeks.org/design-data-structures-algorithms-memory-file-system/,"<h1 class=""entry-title"">Design data structures and algorithms for in-memory file system</h1>"
https://www.geeksforgeeks.org/minimum-sum-squares-characters-counts-given-string-removing-k-characters/,"<h1 class=""entry-title"">Minimum sum of squares of character counts in a given string after removing k characters</h1>"
https://www.geeksforgeeks.org/number-buildings-facing-sun/,"<h1 class=""entry-title"">Number of buildings facing the sun</h1>"
https://www.geeksforgeeks.org/amazon-interview-experience-set-351-off-campus-sde-2/,"<h1 class=""entry-title"">Amazon Interview Experience | Set 351 (Off-Campus for SDE I)</h1>"
https://www.geeksforgeeks.org/fill-array-1s-minimum-iterations-filling-neighbors/,"<h1 class=""entry-title"">Fill array with 1’s using minimum iterations of filling neighbors</h1>"
https://www.geeksforgeeks.org/amazon-interview-experience-set-352-sde/,"<h1 class=""entry-title"">Amazon Interview Experience | Set 352 (For SDE I)</h1>"
https://www.geeksforgeeks.org/amazon-interview-experience-set-351-off-campus-sde/,"<h1 class=""entry-title"">Amazon Interview Experience | Set 351 (Off Campus – For SDE I)</h1>"
https://www.geeksforgeeks.org/amazon-interview-experience-set-353-sde-2/,"<h1 class=""entry-title"">Amazon Interview Experience | Set 353 (For SDE-2)</h1>"
https://www.geeksforgeeks.org/amazon-interview-experience-set-354-sde-2/,"<h1 class=""entry-title"">Amazon Interview Experience | Set 354 (For SDE-2)</h1>"
https://www.geeksforgeeks.org/find-uncommon-characters-two-strings/,"<h1 class=""entry-title"">Find uncommon characters of the two strings</h1>"
https://www.geeksforgeeks.org/string-containing-first-letter-every-word-given-string-spaces/,"<h1 class=""entry-title"">String containing first letter of every word in a given string with spaces</h1>"
https://www.geeksforgeeks.org/find-median-bst-time-o1-space/,"<h1 class=""entry-title"">Find median of BST in O(n) time and O(1) space</h1>"
https://www.geeksforgeeks.org/amazon-interview-experience-set-356-6-year-experienced/,"<h1 class=""entry-title"">Amazon Interview Experience | Set 356 (For 6 Year Experienced)</h1>"
https://www.geeksforgeeks.org/modify-contents-linked-list/,"<h1 class=""entry-title"">Modify contents of Linked List</h1>"
https://www.geeksforgeeks.org/amazon-interview-experience-set-355-1-year-experienced/,"<h1 class=""entry-title"">Amazon Interview Experience | Set 355 (For 1 Year Experienced)</h1>"
https://www.geeksforgeeks.org/amazon-interview-experience-set-340-3-5-years-experienced-sde-1/,"<h1 class=""entry-title"">Amazon Interview Experience | Set 340 (3.5 years experienced for SDE 1)</h1>"
https://www.geeksforgeeks.org/amazon-interview-experience-set-346-sde-1/,"<h1 class=""entry-title"">Amazon Interview Experience | Set 346 (For SDE-1)</h1>"
https://www.geeksforgeeks.org/amazon-interview-experience-set-341-off-campus-sde-1/,"<h1 class=""entry-title"">Amazon Interview Experience | Set 341 (Off-Campus for SDE-1)</h1>"
https://www.geeksforgeeks.org/amazon-interview-experience-set-342-off-campus-sde-1/,"<h1 class=""entry-title"">Amazon Interview Experience | Set 342 (Off-Campus for SDE-1)</h1>"
https://www.geeksforgeeks.org/amazon-interview-experience-set-343-sde-1/,"<h1 class=""entry-title"">Amazon Interview Experience | Set 343 (For SDE-1)</h1>"
https://www.geeksforgeeks.org/amazon-interview-experience-set-344-sde-1/,"<h1 class=""entry-title"">Amazon Interview Experience | Set 344 (For SDE-1)</h1>"
https://www.geeksforgeeks.org/amazon-interview-experience-set-339-sde-2/,"<h1 class=""entry-title"">Amazon Interview Experience | Set 339 (For SDE 2)</h1>"
https://www.geeksforgeeks.org/amazon-interview-experience-set-345-sde-1/,"<h1 class=""entry-title"">Amazon Interview Experience | Set 345 (For SDE-1)</h1>"
https://www.geeksforgeeks.org/amazon-interview-experience-set-347-1-8-years-experienced-sde1/,"<h1 class=""entry-title"">Amazon Interview Experience | Set 347 (1.8 Years Experienced for SDE1)</h1>"
https://www.geeksforgeeks.org/amazon-interview-experience-set-348-sde-ii/,"<h1 class=""entry-title"">Amazon Interview Experience | Set 348 (For SDE II)</h1>"
https://www.geeksforgeeks.org/amazon-interview-experience-set-349-sde/,"<h1 class=""entry-title"">Amazon Interview Experience | Set 349 (For SDE I)</h1>"
https://www.geeksforgeeks.org/amazon-interview-experience-set-350-sde/,"<h1 class=""entry-title"">Amazon Interview Experience | Set 350 (For SDE I)</h1>"
https://www.geeksforgeeks.org/amazon-interview-experience-set-337-sde-1/,"<h1 class=""entry-title"">Amazon Interview Experience | Set 337 (For SDE-1)</h1>"
https://www.geeksforgeeks.org/find-equal-point-string-brackets/,"<h1 class=""entry-title"">Find an equal point in a string of brackets</h1>"
https://www.geeksforgeeks.org/amazon-interview-experience-set-338-1st-round-sde-1/,"<h1 class=""entry-title"">Amazon Interview Experience | Set 338 (1st Round for SDE-1 in Delhi)</h1>"
https://www.geeksforgeeks.org/amazon-interview-experience-set-333-internship/,"<h1 class=""entry-title"">Amazon Interview experience | Set 333 (For Internship)</h1>"
https://www.geeksforgeeks.org/amazon-interview-experience-set-328-for-sde-1/,"<h1 class=""entry-title"">Amazon Interview experience | Set 328 (For SDE-1)</h1>"
https://www.geeksforgeeks.org/amazon-interview-experience-set-329-off-campus-sde-1/,"<h1 class=""entry-title"">Amazon Interview experience | Set 329 (Off-Campus for SDE-1)</h1>"
https://www.geeksforgeeks.org/amazon-interview-experience-set-330/,"<h1 class=""entry-title"">Amazon Interview experience | Set 330</h1>"
https://www.geeksforgeeks.org/amazon-interview-experience-set-331-1-year-experienced-se-1/,"<h1 class=""entry-title"">Amazon Interview experience | Set 331 (1 Year Experienced for SE-1)</h1>"
https://www.geeksforgeeks.org/maximum-consecutive-repeating-character-string/,"<h1 class=""entry-title"">Maximum consecutive repeating character in string</h1>"
https://www.geeksforgeeks.org/amazon-interview-experience-set-332-off-campus/,"<h1 class=""entry-title"">Amazon Interview experience | Set 332 (Off-Campus)</h1>"
https://www.geeksforgeeks.org/amazon-interview-experience-set-334-4-5-years-experienced/,"<h1 class=""entry-title"">Amazon Interview experience | Set 334 (For 4.5 Years Experienced)</h1>"
https://www.geeksforgeeks.org/amazon-interview-experience-set-335/,"<h1 class=""entry-title"">Amazon Interview experience | Set 335</h1>"
https://www.geeksforgeeks.org/amazon-interview-experience-set-336/,"<h1 class=""entry-title"">Amazon Interview experience | Set 336</h1>"
https://www.geeksforgeeks.org/amazon-interview-experience-set-325/,"<h1 class=""entry-title"">Amazon Interview experience | Set 325</h1>"
https://www.geeksforgeeks.org/amazon-interview-experience-set-326-sde-ii/,"<h1 class=""entry-title"">Amazon Interview experience | Set 326 (For SDE II)</h1>"
https://www.geeksforgeeks.org/amazon-interview-experience-set-327-off-campus-sde-1/,"<h1 class=""entry-title"">Amazon Interview experience | Set 327 (Off-Campus for SDE-1)</h1>"
https://www.geeksforgeeks.org/amazon-interview-experience-set-326-application-engineer/,"<h1 class=""entry-title"">Amazon Interview experience | Set 326 (For Application Engineer)</h1>"
https://www.geeksforgeeks.org/amazon-interview-experience-set-324-sde2/,"<h1 class=""entry-title"">Amazon Interview experience | Set 324 (For SDE2)</h1>"
https://www.geeksforgeeks.org/amazon-interview-experience-set-312-off-campus/,"<h1 class=""entry-title"">Amazon Interview Experience | Set 312 (Off Campus)</h1>"
https://www.geeksforgeeks.org/amazon-interview-experience-set-312-for-sde-ii/,"<h1 class=""entry-title"">Amazon Interview Experience | Set 312 (For SDE II)</h1>"
https://www.geeksforgeeks.org/amazon-interview-experience-set-313-for-sde-ii/,"<h1 class=""entry-title"">Amazon Interview Experience | Set 313 (For SDE II)</h1>"
https://www.geeksforgeeks.org/amazon-interview-experience-set-314-for-fte/,"<h1 class=""entry-title"">Amazon Interview Experience | Set 314 (For FTE)</h1>"
https://www.geeksforgeeks.org/amazon-interview-experience-set-315/,"<h1 class=""entry-title"">Amazon Interview Experience | Set 315</h1>"
https://www.geeksforgeeks.org/amazons-most-frequently-asked-interview-questions-set-2/,"<h1 class=""entry-title"">Amazon’s most frequently asked interview questions | Set 2</h1>"
https://www.geeksforgeeks.org/amazon-interview-experience-set-316-off-campus/,"<h1 class=""entry-title"">Amazon Interview Experience | Set 316 (Off-Campus)</h1>"
https://www.geeksforgeeks.org/amazon-interview-experience-set-316/,"<h1 class=""entry-title"">Amazon Interview Experience | Set 316 (On-Campus)</h1>"
https://www.geeksforgeeks.org/amazon-interview-experience-set-322-off-campus/,"<h1 class=""entry-title"">Amazon Interview Experience | Set 322 (Off-Campus)</h1>"
https://www.geeksforgeeks.org/amazon-interview-experience-set-317-sde-1-off-campus/,"<h1 class=""entry-title"">Amazon Interview Experience | Set 317 (SDE-1 Off – Campus)</h1>"
https://www.geeksforgeeks.org/amazon-interview-experience-set-318-sde-intern/,"<h1 class=""entry-title"">Amazon Interview Experience | Set 318 (For SDE Intern)</h1>"
https://www.geeksforgeeks.org/amazon-interview-experience-set-320-off-campus/,"<h1 class=""entry-title"">Amazon Interview Experience | Set 320 (Off-Campus)</h1>"
https://www.geeksforgeeks.org/amazon-interview-experience-set-321-online-assessment/,"<h1 class=""entry-title"">Amazon Interview Experience | Set 321 (Online Assessment)</h1>"
https://www.geeksforgeeks.org/amazon-interview-experience-set-323-software-development-engineer-off-campus/,"<h1 class=""entry-title"">Amazon Interview Experience | Set 323 (Software Development Engineer – Off-Campus)</h1>"
https://www.geeksforgeeks.org/amazon-interview-experience-set-319-campus/,"<h1 class=""entry-title"">Amazon Interview Experience | Set 319 (On-Campus)</h1>"
https://www.geeksforgeeks.org/amazon-interview-experience-set-311-on-campus/,"<h1 class=""entry-title"">Amazon Interview Experience | Set 311 ( On Campus for Internship and FTE)</h1>"
https://www.geeksforgeeks.org/amazon-interview-experience-set-304-on-campus-for-internship/,"<h1 class=""entry-title"">Amazon Interview Experience | Set 304 (On-Campus for Internship)</h1>"
https://www.geeksforgeeks.org/amazon-interview-experience-set-299/,"<h1 class=""entry-title"">Amazon Interview Experience | Set 299</h1>"
https://www.geeksforgeeks.org/amazon-interview-experience-set-303-on-campus/,"<h1 class=""entry-title"">Amazon Interview Experience | Set 303 (On-Campus)</h1>"
https://www.geeksforgeeks.org/amazon-interview-experience-set-300-on-campus-for-internship/,"<h1 class=""entry-title"">Amazon Interview Experience | Set 300 (On-Campus for Internship)</h1>"
https://www.geeksforgeeks.org/amazon-interview-experience-set-306-on-campus/,"<h1 class=""entry-title"">Amazon Interview Experience | Set 306 (On-Campus)</h1>"
https://www.geeksforgeeks.org/amazon-interview-experience-set-302-on-campus/,"<h1 class=""entry-title"">Amazon Interview Experience | Set 302 (On-Campus)</h1>"
https://www.geeksforgeeks.org/amazon-interview-experience-set-299-on-campus-for-internship/,"<h1 class=""entry-title"">Amazon Interview Experience | Set 299 (On-Campus for Internship)</h1>"
https://www.geeksforgeeks.org/amazon-interview-experience-set-305-on-campus-for-internship/,"<h1 class=""entry-title"">Amazon Interview Experience | Set 305 (On-Campus for Internship)</h1>"
https://www.geeksforgeeks.org/amazon-interview-experience-set-301on-campus-for-internship-fte/,"<h1 class=""entry-title"">Amazon Interview Experience | Set 301(On-Campus for Internship+ FTE)</h1>"
https://www.geeksforgeeks.org/amazon-interview-experience-set-309/,"<h1 class=""entry-title"">Amazon Interview Experience | Set 309</h1>"
https://www.geeksforgeeks.org/amazon-interview-experience-set-307-off-campus/,"<h1 class=""entry-title"">Amazon Interview Experience | Set 307 (Off-Campus)</h1>"
https://www.geeksforgeeks.org/amazon-interview-experience-set-310-for-internship/,"<h1 class=""entry-title"">Amazon Interview Experience | Set 310 (For Internship)</h1>"
https://www.geeksforgeeks.org/amazon-interview-experience-set-308-sde/,"<h1 class=""entry-title"">Amazon Interview Experience | Set 308 (For SDE)</h1>"
https://www.geeksforgeeks.org/amazon-interview-experience-set-308-on-campus-for-internship/,"<h1 class=""entry-title"">Amazon Interview Experience | Set 308 (On-Campus for Internship)</h1>"
https://www.geeksforgeeks.org/amazon-interview-experience-set-298-on-campus-for-sde-1/,"<h1 class=""entry-title"">Amazon Interview Experience | Set 298 (On-Campus for SDE-1)</h1>"
https://www.geeksforgeeks.org/amazon-interview-experience-set-284-on-campus/,"<h1 class=""entry-title"">Amazon Interview Experience | Set 285 (On-Campus for JD-SDE)</h1>"
https://www.geeksforgeeks.org/amazon-interview-experience-set-285-on-campus/,"<h1 class=""entry-title"">Amazon Interview Experience | Set 286 (On-Campus)</h1>"
https://www.geeksforgeeks.org/amazon-interview-experience-set-287-on-campus/,"<h1 class=""entry-title"">Amazon Interview Experience | Set 287 (On-Campus)</h1>"
https://www.geeksforgeeks.org/amazon-interview-experience-set-288-on-campus/,"<h1 class=""entry-title"">Amazon Interview Experience | Set 288 (On-Campus)</h1>"
https://www.geeksforgeeks.org/amazon-interview-experience-set-289-on-campus-for-internship/,"<h1 class=""entry-title"">Amazon Interview Experience | Set 289 (On-Campus for Internship)</h1>"
https://www.geeksforgeeks.org/amazon-interview-experience-set-283-on-campus/,"<h1 class=""entry-title"">Amazon Interview Experience | Set 283 (On-Campus)</h1>"
https://www.geeksforgeeks.org/amazon-interview-experience-set-290-on-campus-for-internship/,"<h1 class=""entry-title"">Amazon Interview Experience | Set 290 (On-Campus for Internship)</h1>"
https://www.geeksforgeeks.org/amazon-interview-experience-set-291-on-campus-for-sde1/,"<h1 class=""entry-title"">Amazon Interview Experience | Set 291 (On-Campus for SDE1)</h1>"
https://www.geeksforgeeks.org/amazon-interview-experience-set-292-on-campus-for-internshp/,"<h1 class=""entry-title"">Amazon Interview Experience | Set 292 (On-Campus for Internship)</h1>"
https://www.geeksforgeeks.org/amazon-interview-experience-set-293-on-campus/,"<h1 class=""entry-title"">Amazon Interview Experience | Set 293 (On-Campus)</h1>"
https://www.geeksforgeeks.org/amazon-interview-experience-set-294-experienced/,"<h1 class=""entry-title"">Amazon Interview Experience | Set 294 (Experienced)</h1>"
https://www.geeksforgeeks.org/amazon-interview-experience-set-295-on-campus/,"<h1 class=""entry-title"">Amazon Interview Experience | Set 295 (On Campus)</h1>"
https://www.geeksforgeeks.org/amazon-interview-experience-set-296-on-campus/,"<h1 class=""entry-title"">Amazon Interview Experience | Set 296 (On Campus for Internship)</h1>"
https://www.geeksforgeeks.org/amazon-interview-experience-set-297-on-campus-for-sde/,"<h1 class=""entry-title"">Amazon Interview Experience | Set 297 (On-Campus for SDE)</h1>"
https://www.geeksforgeeks.org/amazon-interview-experience-set-282-on-campus/,"<h1 class=""entry-title"">Amazon Interview Experience | Set 282 (On-Campus)</h1>"
https://www.geeksforgeeks.org/amazon-interview-experience-set-266-off-campus/,"<h1 class=""entry-title"">Amazon Interview Experience | Set 266 (Off-Campus for SDE1)</h1>"
https://www.geeksforgeeks.org/amazon-interview-experience-set-267-8-months-experienced/,"<h1 class=""entry-title"">Amazon Interview Experience | Set 267 (8 Months Experienced)</h1>"
https://www.geeksforgeeks.org/amazon-interview-experience-set-275-offcampus-sde-i-experienced/,"<h1 class=""entry-title"">Amazon Interview Experience | Set 275 ( Off-Campus SDE-I Experienced)</h1>"
https://www.geeksforgeeks.org/amazon-interview-experience-set-274-on-campus/,"<h1 class=""entry-title"">Amazon Interview Experience | Set 274 ( On-Campus)</h1>"
https://www.geeksforgeeks.org/amazon-interview-experience-set-269-1-year-experienced-for-sde-1/,"<h1 class=""entry-title"">Amazon Interview Experience | Set 269 (1 year experienced for SDE-1)</h1>"
https://www.geeksforgeeks.org/amazon-interview-experience-set-265-on-campus-internship/,"<h1 class=""entry-title"">Amazon Interview Experience | Set 265 (On-Campus Internship)</h1>"
https://www.geeksforgeeks.org/amazon-interview-experience-set-268-experienced/,"<h1 class=""entry-title"">Amazon Interview Experience | Set 268 (Experienced)</h1>"
https://www.geeksforgeeks.org/amazon-interview-experience-set-272-on-campus/,"<h1 class=""entry-title"">Amazon Interview Experience | Set 272 (On-Campus)</h1>"
https://www.geeksforgeeks.org/amazon-interview-experience-set-273-on-campus/,"<h1 class=""entry-title"">Amazon Interview Experience | Set 273 (On-Campus)</h1>"
https://www.geeksforgeeks.org/amazon-interview-experience-set-277-for-internship/,"<h1 class=""entry-title"">Amazon Interview Experience | Set 277 (On-Campus for Internship)</h1>"
https://www.geeksforgeeks.org/amazon-interview-experience-set-276-on-campus-sde-i/,"<h1 class=""entry-title"">Amazon Interview Experience | Set 276 ( On-Campus SDE-I)</h1>"
https://www.geeksforgeeks.org/amazon-interview-experience-set-279-on-campus-for-internship/,"<h1 class=""entry-title"">Amazon Interview Experience | Set 279 (On-Campus for Internship)</h1>"
https://www.geeksforgeeks.org/amazon-interview-experience-set-280-on-campus-for-internship/,"<h1 class=""entry-title"">Amazon Interview Experience | Set 280 (Off-Campus)</h1>"
https://www.geeksforgeeks.org/amazon-interview-experience-set-278-on-campus/,"<h1 class=""entry-title"">Amazon Interview Experience | Set 278 (On-Campus)</h1>"
https://www.geeksforgeeks.org/amazon-interview-experience-set-260-for-sde2/,"<h1 class=""entry-title"">Amazon Interview Experience | Set 260 (For SDE2)</h1>"
https://www.geeksforgeeks.org/amazon-interview-experience-set-261-sde1/,"<h1 class=""entry-title"">Amazon Interview Experience | Set 261 (For SDE1)</h1>"
https://www.geeksforgeeks.org/amazon-interview-experience-262/,"<h1 class=""entry-title"">Amazon Interview Experience | 262</h1>"
https://www.geeksforgeeks.org/amazon-interview-experience-set-259-1-yr-experienced-for-sde1/,"<h1 class=""entry-title"">Amazon Interview Experience | Set 259 (1 Yr Experienced for SDE1)</h1>"
https://www.geeksforgeeks.org/amazon-interview-experience-set-264-experienced-for-sde1/,"<h1 class=""entry-title"">Amazon Interview Experience | Set 264 (Experienced for SDE1)</h1>"
https://www.geeksforgeeks.org/amazon-interview-experience-set-263-for-sdet/,"<h1 class=""entry-title"">Amazon Interview Experience | Set 263 (For SDET)</h1>"
https://www.geeksforgeeks.org/amazon-interview-experience-set-262-for-sde1/,"<h1 class=""entry-title"">Amazon Interview Experience | Set 262 (For SDE1)</h1>"
https://www.geeksforgeeks.org/amazon-interview-experience-set-258-for-sde1/,"<h1 class=""entry-title"">Amazon Interview Experience | Set 258 (For SDE1)</h1>"
https://www.geeksforgeeks.org/amazon-interview-experience-set-252-for-sdet/,"<h1 class=""entry-title"">Amazon Interview Experience | Set 252 (For SDET)</h1>"
https://www.geeksforgeeks.org/amazon-interview-experience-set-253-for-sde1i/,"<h1 class=""entry-title"">Amazon Interview Experience | Set 253 (For SDE1I)</h1>"
https://www.geeksforgeeks.org/amazon-interview-experience-set-255-on-campus/,"<h1 class=""entry-title"">Amazon Interview Experience | Set 255 (On-Campus)</h1>"
https://www.geeksforgeeks.org/amazon-interview-experience-set-256-written-test-for-sde1/,"<h1 class=""entry-title"">Amazon Interview Experience | Set 256 (Written Test for SDE1)</h1>"
https://www.geeksforgeeks.org/amazon-interview-experience-set-257-off-campus/,"<h1 class=""entry-title"">Amazon Interview Experience | Set 257 (Off-Campus)</h1>"
https://www.geeksforgeeks.org/amazon-interview-experience-set-254-off-campus-sde1/,"<h1 class=""entry-title"">Amazon Interview Experience | Set 254 (Off-Campus for SDE1)</h1>"
https://www.geeksforgeeks.org/amazon-interview-experience-set-258-off-campus-sde-1/,"<h1 class=""entry-title"">Amazon Interview Experience | Set 258 (Off-Campus for SDE-1)</h1>"
https://www.geeksforgeeks.org/amazon-interview-experience-set-248-4-8-yrs-experience-for-sde-ii/,"<h1 class=""entry-title"">Amazon Interview Experience | Set 248 (4.8 Yrs Experience for SDE II)</h1>"
https://www.geeksforgeeks.org/amazon-interview-experience-set-244-for-sde-1-hyderabad/,"<h1 class=""entry-title"">Amazon Interview Experience | Set 244 (For SDE-1)</h1>"
https://www.geeksforgeeks.org/amazon-interview-experience-set-245-for-2-5-years/,"<h1 class=""entry-title"">Amazon Interview Experience | Set 245 (For 2.5 Years Experienced)</h1>"
https://www.geeksforgeeks.org/amazon-interview-experience-set-247-for-sde-2/,"<h1 class=""entry-title"">Amazon Interview Experience | Set 247 (For SDE 1)</h1>"
https://www.geeksforgeeks.org/amazon-interview-experience-set-246-for-sde-2/,"<h1 class=""entry-title"">Amazon Interview Experience | Set 246 (For SDE 2)</h1>"
https://www.geeksforgeeks.org/amazon-interview-experience-set-250/,"<h1 class=""entry-title"">Amazon Interview Experience | Set 250</h1>"
https://www.geeksforgeeks.org/amazon-interview-experience-set-249-telephonic-interview/,"<h1 class=""entry-title"">Amazon Interview Experience | Set 249 (Telephonic Interview)</h1>"
https://www.geeksforgeeks.org/count-negative-numbers-in-a-column-wise-row-wise-sorted-matrix/,"<h1 class=""entry-title"">Count Negative Numbers in a Column-Wise and Row-Wise Sorted Matrix</h1>"
https://www.geeksforgeeks.org/amazon-interview-experience-set-238/,"<h1 class=""entry-title"">Amazon Interview Experience | Set 238  (For SDE)</h1>"
https://www.geeksforgeeks.org/amazon-interview-experience-set-239/,"<h1 class=""entry-title"">Amazon Interview Experience | Set 239</h1>"
https://www.geeksforgeeks.org/amazon-interview-experience-set-240-1-5-year-experienced-for-sde-1/,"<h1 class=""entry-title"">Amazon Interview Experience | Set 240 (1.5 Year Experienced for SDE-1)</h1>"
https://www.geeksforgeeks.org/amazon-interview-experience-set-241-1-5-years-experience/,"<h1 class=""entry-title"">Amazon Interview Experience | Set 241 (1.5 years experience)</h1>"
https://www.geeksforgeeks.org/amazon-interview-experience-set-243-2-5-years-experience/,"<h1 class=""entry-title"">Amazon Interview Experience | Set 243 (2.5 Years Experience)</h1>"
https://www.geeksforgeeks.org/form-minimum-number-from-given-sequence/,"<h1 class=""entry-title"">Form minimum number from given sequence</h1>"
https://www.geeksforgeeks.org/amazon-interview-experience-set-229-on-campus-for-sde/,"<h1 class=""entry-title"">Amazon Interview Experience | Set 229 (On-Campus for SDE)</h1>"
https://www.geeksforgeeks.org/amazon-interview-experience-set-227-on-campus-for-internship-and-full-time/,"<h1 class=""entry-title"">Amazon Interview Experience | Set 227 (On-Campus for Internship and Full-Time)</h1>"
https://www.geeksforgeeks.org/amazon-interview-experience-set-230-on-campus-for-sde/,"<h1 class=""entry-title"">Amazon Interview Experience | Set 230  (On-Campus For SDE)</h1>"
https://www.geeksforgeeks.org/amazon-interview-experience-set-228-on-campus-for-internship/,"<h1 class=""entry-title"">Amazon Interview Experience | Set 228 (On-Campus for Internship)</h1>"
https://www.geeksforgeeks.org/amazon-interview-experience-set-231-on-campus/,"<h1 class=""entry-title"">Amazon Interview Experience | Set 231 (On-Campus)</h1>"
https://www.geeksforgeeks.org/find-the-maximum-of-minimums-for-every-window-size-in-a-given-array/,"<h1 class=""entry-title"">Find maximum of minimum for every window size in a given array</h1>"
https://www.geeksforgeeks.org/amazon-interview-experience-set-233-1-year-experienced-for-sde-1/,"<h1 class=""entry-title"">Amazon Interview Experience | Set 233  (1 Year Experienced for SDE-1)</h1>"
https://www.geeksforgeeks.org/amazon-interview-experience-set-232-sde-1-for-1-year-experienced/,"<h1 class=""entry-title"">Amazon Interview Experience | Set 232 (SDE-1 for 1 Year Experienced)</h1>"
https://www.geeksforgeeks.org/amazon-interview-experience-set-242-1-year-experience/,"<h1 class=""entry-title"">Amazon Interview Experience | Set 242 (1 Year Experience)</h1>"
https://www.geeksforgeeks.org/amazon-interview-experience-set-235-for-sde-ii/,"<h1 class=""entry-title"">Amazon Interview Experience | Set 235 (For SDE-II)</h1>"
https://www.geeksforgeeks.org/amazon-interview-experience-set-234/,"<h1 class=""entry-title"">Amazon Interview Experience | Set 234</h1>"
https://www.geeksforgeeks.org/amazon-interview-experience-set-226-on-campus/,"<h1 class=""entry-title"">Amazon Interview Experience |Set 226 (On-Campus for SDE-1)</h1>"
https://www.geeksforgeeks.org/count-triplets-with-sum-smaller-that-a-given-value/,"<h1 class=""entry-title"">Count triplets with sum smaller than a  given value</h1>"
https://www.geeksforgeeks.org/amazon-interview-experience-set-234-for-sde-ii/,"<h1 class=""entry-title"">Amazon Interview Experience | Set 234  (For SDE-II)</h1>"
https://www.geeksforgeeks.org/amazon-interview-experience-set-236-round-2-and-3/,"<h1 class=""entry-title"">Amazon Interview Experience | Set 236 (Rounds 2 and 3)</h1>"
https://www.geeksforgeeks.org/amazon-interview-experience-set-237-for-application-engineer/,"<h1 class=""entry-title"">Amazon Interview Experience | Set 237 (For Application Engineer)</h1>"
https://www.geeksforgeeks.org/amazon-interview-experience-214-on-campus/,"<h1 class=""entry-title"">Amazon Interview Experience | 214 (On-Campus)</h1>"
https://www.geeksforgeeks.org/amazon-interview-experience-set-224/,"<h1 class=""entry-title"">Amazon Interview Experience | Set 224</h1>"
https://www.geeksforgeeks.org/amazon-interview-experience-set-225-for-1-year-experienced/,"<h1 class=""entry-title"">Amazon Interview Experience |Set 225 (For 1 Year Experienced)</h1>"
https://www.geeksforgeeks.org/amazon-interview-experience-set-211-on-campus/,"<h1 class=""entry-title"">Amazon Interview Experience | Set 211 (On-Campus for Internship)</h1>"
https://www.geeksforgeeks.org/amazon-interview-experience-set-212-on-campus/,"<h1 class=""entry-title"">Amazon Interview Experience | Set 212 (On-Campus)</h1>"
https://www.geeksforgeeks.org/amazon-interview-experience-215-on-campus-for-internship/,"<h1 class=""entry-title"">Amazon Interview Experience | 215 (On-Campus for Internship)</h1>"
https://www.geeksforgeeks.org/amazon-interview-experience-set-213-off-campus-for-sde1/,"<h1 class=""entry-title"">Amazon Interview Experience | Set 213 (Off-Campus for SDE1)</h1>"
https://www.geeksforgeeks.org/amazon-interview-experience-216-on-campus-for-internship/,"<h1 class=""entry-title"">Amazon Interview Experience | 216 (On-Campus for Internship)</h1>"
https://www.geeksforgeeks.org/amazon-interview-experience-217-on-campus/,"<h1 class=""entry-title"">Amazon Interview Experience | 217 (On-Campus)</h1>"
https://www.geeksforgeeks.org/amazon-interview-experience-218-on-campus/,"<h1 class=""entry-title"">Amazon Interview Experience | 218 (On-Campus)</h1>"
https://www.geeksforgeeks.org/amazon-interview-experience-220-on-campus/,"<h1 class=""entry-title"">Amazon Interview Experience | 220 (On-Campus)</h1>"
https://www.geeksforgeeks.org/amazon-interview-experience-219-on-campus/,"<h1 class=""entry-title"">Amazon Interview Experience | 219 (On-Campus)</h1>"
https://www.geeksforgeeks.org/amazon-interview-experience-set-221/,"<h1 class=""entry-title"">Amazon Interview Experience | Set 221</h1>"
https://www.geeksforgeeks.org/amazon-interview-experience-set-222/,"<h1 class=""entry-title"">Amazon Interview Experience | Set 222</h1>"
https://www.geeksforgeeks.org/amazon-interview-experience-set-223-on-campus/,"<h1 class=""entry-title"">Amazon Interview Experience | Set 223 (On-Campus)</h1>"
https://www.geeksforgeeks.org/amazon-interview-experience-197-on-campus-for-internship/,"<h1 class=""entry-title"">Amazon Interview Experience | 197 (On-Campus for Internship)</h1>"
https://www.geeksforgeeks.org/amazon-interview-experience-set-198-on-campus-for-internship/,"<h1 class=""entry-title"">Amazon Interview Experience | Set 198 (On-Campus for Internship)</h1>"
https://www.geeksforgeeks.org/amazon-interview-experience-198-for-sde1/,"<h1 class=""entry-title"">Amazon Interview Experience | 198 (For SDE1)</h1>"
https://www.geeksforgeeks.org/amazon-interview-experience-set-199-on-campus-for-internship/,"<h1 class=""entry-title"">Amazon Interview Experience | Set 199 (On-Campus for Internship)</h1>"
https://www.geeksforgeeks.org/amazon-interview-experience-set-201-on-campus-for-sde-1/,"<h1 class=""entry-title"">Amazon Interview Experience | Set 201 (On-Campus for SDE-1)</h1>"
https://www.geeksforgeeks.org/amazon-interview-experience-set-203-recruit-drive/,"<h1 class=""entry-title"">Amazon Interview Experience | Set 203 (On-Campus for SDE-1)</h1>"
https://www.geeksforgeeks.org/amazon-interview-experience-set-202/,"<h1 class=""entry-title"">Amazon Interview Experience | Set 202</h1>"
https://www.geeksforgeeks.org/amazon-interview-experience-set-200/,"<h1 class=""entry-title"">Amazon Interview Experience | Set 200</h1>"
https://www.geeksforgeeks.org/amazon-interview-experience-set-204-on-campus-for-internship/,"<h1 class=""entry-title"">Amazon Interview Experience | Set 204 (On-Campus for Internship)</h1>"
https://www.geeksforgeeks.org/amazon-interview-experience-set-205-on-campus-for-internship/,"<h1 class=""entry-title"">Amazon Interview Experience | Set 205 (On-Campus for Internship)</h1>"
https://www.geeksforgeeks.org/amazon-interview-experience-set-206-on-campus-for-sde-1/,"<h1 class=""entry-title"">Amazon Interview Experience | Set 206 (On-Campus for SDE-1)</h1>"
https://www.geeksforgeeks.org/amazon-interview-experience-set-207-on-campus-for-internship/,"<h1 class=""entry-title"">Amazon Interview Experience | Set 207 (On-Campus for Internship)</h1>"
https://www.geeksforgeeks.org/amazon-interview-experience-set-210-on-campus/,"<h1 class=""entry-title"">Amazon Interview Experience | Set 210 (On-Campus)</h1>"
https://www.geeksforgeeks.org/amazon-interview-experience-set-208-on-campus-for-internship/,"<h1 class=""entry-title"">Amazon Interview Experience | Set 208 (On-Campus for Internship)</h1>"
https://www.geeksforgeeks.org/amazon-interview-experience-set-209-on-campus/,"<h1 class=""entry-title"">Amazon Interview Experience | Set 209 (On-Campus)</h1>"
https://www.geeksforgeeks.org/amazon-interview-experience-set-183-sde-new-grad-position/,"<h1 class=""entry-title"">Amazon Interview Experience | Set 183 (SDE – New Grad Position)</h1>"
https://www.geeksforgeeks.org/amazon-interview-experience-set-185-for-sde1/,"<h1 class=""entry-title"">Amazon Interview Experience | Set 185 (For SDE1)</h1>"
https://www.geeksforgeeks.org/amazon-interview-experience-set-184-off-campus-for-sde1/,"<h1 class=""entry-title"">Amazon Interview Experience | Set 184 (Off Campus for SDE1)</h1>"
https://www.geeksforgeeks.org/amazon-interview-experience-set-186-for-sde1/,"<h1 class=""entry-title"">Amazon Interview Experience | Set 186 (For SDE1)</h1>"
https://www.geeksforgeeks.org/amazon-interview-experience-set-187-for-sde1/,"<h1 class=""entry-title"">Amazon Interview Experience | Set 187 (For SDE1)</h1>"
https://www.geeksforgeeks.org/question-in-amazon-interview/,"<h1 class=""entry-title"">Question in Amazon Interview</h1>"
https://www.geeksforgeeks.org/amazon-interview-experience-set-188-for-sde1/,"<h1 class=""entry-title"">Amazon Interview Experience | Set 188 (For SDE1)</h1>"
https://www.geeksforgeeks.org/amazon-interview-experience-set-189-for-sde1/,"<h1 class=""entry-title"">Amazon Interview Experience | Set 189 (For SDE-1)</h1>"
https://www.geeksforgeeks.org/amazon-interview-experience-set-190-delhi-drive/,"<h1 class=""entry-title"">Amazon Interview Experience | Set 190 (Delhi Drive)</h1>"
https://www.geeksforgeeks.org/amazon-interview-experience-191/,"<h1 class=""entry-title"">Amazon Interview Experience | 191</h1>"
https://www.geeksforgeeks.org/amazon-interview-experience-192/,"<h1 class=""entry-title"">Amazon Interview Experience | 192</h1>"
https://www.geeksforgeeks.org/amazon-interview-experience-196-on-campus/,"<h1 class=""entry-title"">Amazon Interview Experience | 196 (On-Campus)</h1>"
https://www.geeksforgeeks.org/amazon-interview-experience-set-168/,"<h1 class=""entry-title"">Amazon Interview Experience | Set 168</h1>"
https://www.geeksforgeeks.org/amazon-interview-experience-194-for-software-support-engineer/,"<h1 class=""entry-title"">Amazon Interview Experience | 194 (For Software Support Engineer)</h1>"
https://www.geeksforgeeks.org/amazon-interview-experience-195-on-campus-for-sde-1/,"<h1 class=""entry-title"">Amazon Interview Experience | 195 (On-Campus For SDE-1)</h1>"
https://www.geeksforgeeks.org/amazon-interview-experience-set-167-sde-1-year-6-months-experience/,"<h1 class=""entry-title"">Amazon Interview Experience | Set 167 (SDE I for 1 year 6 months experience)</h1>"
https://www.geeksforgeeks.org/amazon-interview-experience-set-169-sde-2/,"<h1 class=""entry-title"">Amazon Interview Experience | Set 169 (For SDE 2)</h1>"
https://www.geeksforgeeks.org/amazon-interview-experience-193-for-sde-1/,"<h1 class=""entry-title"">Amazon Interview Experience | 193 (For SDE-1)</h1>"
https://www.geeksforgeeks.org/amazon-interview-experience-set-170/,"<h1 class=""entry-title"">Amazon Interview Experience | Set 170</h1>"
https://www.geeksforgeeks.org/amazon-interview-experience-set-171/,"<h1 class=""entry-title"">Amazon Interview Experience | Set 171</h1>"
https://www.geeksforgeeks.org/amazon-interview-experience-set-174-sde/,"<h1 class=""entry-title"">Amazon Interview Experience | Set 174 (For SDE)</h1>"
https://www.geeksforgeeks.org/amazon-interview-experience-set-177-first-round-pool-campus/,"<h1 class=""entry-title"">Amazon Interview Experience | Set 177 (First Round in Pool Campus)</h1>"
https://www.geeksforgeeks.org/amazon-interview-experience-set-175-sde/,"<h1 class=""entry-title"">Amazon Interview Experience | Set 175 (For SDE)</h1>"
https://www.geeksforgeeks.org/amazon-interview-experience-set-173-campus/,"<h1 class=""entry-title"">Amazon Interview Experience | Set 173 (On-Campus)</h1>"
https://www.geeksforgeeks.org/amazon-interview-experience-set-176-sde-1/,"<h1 class=""entry-title"">Amazon Interview Experience | Set 176 (For SDE 1)</h1>"
https://www.geeksforgeeks.org/amazon-interview-experience-set-178-sde-1/,"<h1 class=""entry-title"">Amazon Interview Experience | Set 178 (For SDE-1)</h1>"
https://www.geeksforgeeks.org/amazon-interview-experience-set-182-for-sdet-1/,"<h1 class=""entry-title"">Amazon Interview Experience | Set 182 (For SDET 1)</h1>"
https://www.geeksforgeeks.org/amazon-interview-experience-set-179-for-sde-1/,"<h1 class=""entry-title"">Amazon Interview Experience | Set 179 (For SDE-1)</h1>"
https://www.geeksforgeeks.org/amazon-interview-experience-set-180-telephonic-interview/,"<h1 class=""entry-title"">Amazon Interview Experience | Set 180 (Telephonic Interview )</h1>"
https://www.geeksforgeeks.org/amazon-interview-experience-set-153-sde1/,"<h1 class=""entry-title"">Amazon Interview Experience | Set 153 (For SDE1)</h1>"
https://www.geeksforgeeks.org/amazon-interview-experience-set-181-for-sde-1/,"<h1 class=""entry-title"">Amazon Interview Experience | Set 181 (For SDE 1)</h1>"
https://www.geeksforgeeks.org/amazon-interview-experience-set-156-campus/,"<h1 class=""entry-title"">Amazon Interview Experience | Set 156 (On-Campus)</h1>"
https://www.geeksforgeeks.org/amazon-interview-experience-set-154-sde2/,"<h1 class=""entry-title"">Amazon Interview Experience | Set 154 (For SDE2)</h1>"
https://www.geeksforgeeks.org/amazon-interview-experience-set-157-campus/,"<h1 class=""entry-title"">Amazon Interview Experience | Set 157 (On-Campus)</h1>"
https://www.geeksforgeeks.org/amazon-interview-experience-set-158-off-campus/,"<h1 class=""entry-title"">Amazon Interview Experience | Set 158 (Off-Campus)</h1>"
https://www.geeksforgeeks.org/amazon-interview-experience-set-161-off-campus-sde-1-banglore/,"<h1 class=""entry-title"">Amazon Interview Experience | Set 161 (Off Campus for SDE-1, Bangalore)</h1>"
https://www.geeksforgeeks.org/amazon-interview-experience-set-155-campus/,"<h1 class=""entry-title"">Amazon Interview Experience | Set 155 (On-Campus)</h1>"
https://www.geeksforgeeks.org/amazon-interview-experience-set-162/,"<h1 class=""entry-title"">Amazon Interview Experience | Set 162</h1>"
https://www.geeksforgeeks.org/amazon-interview-experience-set-159-off-campus/,"<h1 class=""entry-title"">Amazon Interview Experience | Set 159 (Off-Campus)</h1>"
https://www.geeksforgeeks.org/amazon-interview-experience-set-163-sde-ii/,"<h1 class=""entry-title"">Amazon Interview Experience | Set 163 (For SDE II)</h1>"
https://www.geeksforgeeks.org/amazon-interview-experience-set-139/,"<h1 class=""entry-title"">Amazon interview Experience | Set 139</h1>"
https://www.geeksforgeeks.org/amazon-interview-experience-set-160-sde-2/,"<h1 class=""entry-title"">Amazon Interview Experience | Set 160 (For SDE 2)</h1>"
https://www.geeksforgeeks.org/amazon-interview-experience-set-164-sde/,"<h1 class=""entry-title"">Amazon Interview Experience | Set 164 (For SDE I)</h1>"
https://www.geeksforgeeks.org/amazon-interview-experience-set-165-sde/,"<h1 class=""entry-title"">Amazon Interview Experience | Set 165 (For SDE I)</h1>"
https://www.geeksforgeeks.org/amazon-interview-experience-set-165-sde-2/,"<h1 class=""entry-title"">Amazon Interview Experience | Set 165 (For SDE I)</h1>"
https://www.geeksforgeeks.org/amazon-interview-experience-set-140-experienced-sde/,"<h1 class=""entry-title"">Amazon interview Experience | Set 140 (Experienced for SDE)</h1>"
https://www.geeksforgeeks.org/amazon-interview-experience-set-144-campus-sde-1/,"<h1 class=""entry-title"">Amazon Interview Experience | Set 144 (Off-Campus For SDE-1)</h1>"
https://www.geeksforgeeks.org/amazon-interview-experience-set-143-campus-sde-1/,"<h1 class=""entry-title"">Amazon Interview Experience | Set 143 (Off-Campus for SDE-1)</h1>"
https://www.geeksforgeeks.org/amazon-interview-experience-set-145-campus/,"<h1 class=""entry-title"">Amazon Interview Experience | Set 145 (Off-Campus)</h1>"
https://www.geeksforgeeks.org/amazon-interview-experience-set-141-sde1/,"<h1 class=""entry-title"">Amazon interview Experience | Set 141 (For SDE1)</h1>"
https://www.geeksforgeeks.org/amazon-interview-questions-set-147/,"<h1 class=""entry-title"">Amazon Interview Questions | Set 147</h1>"
https://www.geeksforgeeks.org/amazon-interview-experience-set-142-campus-sde-1/,"<h1 class=""entry-title"">Amazon interview Experience | Set 142 (Off-Campus for SDE-1)</h1>"
https://www.geeksforgeeks.org/amazon-interview-experience-set-148/,"<h1 class=""entry-title"">Amazon Interview Experience | Set 148</h1>"
https://www.geeksforgeeks.org/amazon-interview-questions-set-146/,"<h1 class=""entry-title"">Amazon Interview Questions | Set 146</h1>"
https://www.geeksforgeeks.org/amazon-interview-experience-set-149-campus-internship/,"<h1 class=""entry-title"">Amazon Interview Experience | Set 149 (On-Campus for Internship)</h1>"
https://www.geeksforgeeks.org/amazon-interview-experience-set-150-sde1-1-year-experienced/,"<h1 class=""entry-title"">Amazon Interview Experience | Set 150 (SDE1 for 1 Year Experienced)</h1>"
https://www.geeksforgeeks.org/amazon-interview-experience-set-151-sde/,"<h1 class=""entry-title"">Amazon Interview Experience | Set 151 (For SDE)</h1>"
https://www.geeksforgeeks.org/amazon-interview-experience-set-152/,"<h1 class=""entry-title"">Amazon Interview Experience | Set 152</h1>"
https://www.geeksforgeeks.org/amazon-interview-set-124-campus/,"<h1 class=""entry-title"">Amazon Interview | Set 124 (On-Campus)</h1>"
https://www.geeksforgeeks.org/amazon-interview-set-125-on-campus-for-internship/,"<h1 class=""entry-title"">Amazon Interview | Set 125 (On-Campus for Internship)</h1>"
https://www.geeksforgeeks.org/amazon-interview-experience-set-126-sde-1/,"<h1 class=""entry-title"">Amazon Interview experience | Set 126 (For SDE-1)</h1>"
https://www.geeksforgeeks.org/amazon-interview-experience-set-126-internship/,"<h1 class=""entry-title"">Amazon Interview experience | Set 127 (For Internship)</h1>"
https://www.geeksforgeeks.org/amazon-interview-experience-set-131-sdet-1/,"<h1 class=""entry-title"">Amazon interview Experience | Set 131 (For SDET 1)</h1>"
https://www.geeksforgeeks.org/amazon-interview-experience-set-128-sdet/,"<h1 class=""entry-title"">Amazon Interview experience | Set 128 (For SDET)</h1>"
https://www.geeksforgeeks.org/amazon-interview-experience-set-130-sdet-1/,"<h1 class=""entry-title"">Amazon interview Experience | Set 130 (For SDET 1)</h1>"
https://www.geeksforgeeks.org/amazon-interview-experience-set-132-for-sde-intern/,"<h1 class=""entry-title"">Amazon interview Experience | Set 132 (For SDE Intern)</h1>"
https://www.geeksforgeeks.org/amazon-interview-experience-set-135-campus-sde/,"<h1 class=""entry-title"">Amazon interview Experience | Set 135 (On-Campus for SDE)</h1>"
https://www.geeksforgeeks.org/amazon-interview-experience-set-134-campus-sde/,"<h1 class=""entry-title"">Amazon interview Experience | Set 134 (Off-Campus for SDE)</h1>"
https://www.geeksforgeeks.org/amazon-interview-experience-set-133/,"<h1 class=""entry-title"">Amazon interview Experience | Set 133</h1>"
https://www.geeksforgeeks.org/amazon-interview-experience-set-136-sde-t/,"<h1 class=""entry-title"">Amazon interview Experience | Set 136 (For SDE-T)</h1>"
https://www.geeksforgeeks.org/amazon-interview-experience-set-137-assessment-test-sde/,"<h1 class=""entry-title"">Amazon interview Experience | Set 137 (Assessment test for SDE)</h1>"
https://www.geeksforgeeks.org/amazon-interview-experience-set-130-sde-1-campus/,"<h1 class=""entry-title"">Amazon interview Experience | Set 129 (For SDE 1 Off-Campus)</h1>"
https://www.geeksforgeeks.org/amazon-interview-experience-set-138-sde-1/,"<h1 class=""entry-title"">Amazon interview Experience | Set 138 (For SDE 1)</h1>"
https://www.geeksforgeeks.org/amazon-interview-experience-set-152-kindle-team-sde-1/,"<h1 class=""entry-title"">Amazon Interview Experience | Set 152 (Kindle Team SDE-1 )</h1>"
https://www.geeksforgeeks.org/amazon-interview-set-112-campus/,"<h1 class=""entry-title"">Amazon Interview | Set 112 (On-Campus)</h1>"
https://www.geeksforgeeks.org/amazon-interview-experience-set-166-sde/,"<h1 class=""entry-title"">Amazon Interview Experience | Set 166 (For SDE I)</h1>"
https://www.geeksforgeeks.org/amazon-interview-set-111-campus/,"<h1 class=""entry-title"">Amazon Interview | Set 111 (On-Campus)</h1>"
https://www.geeksforgeeks.org/amazon-interview-set-113-campus-internship/,"<h1 class=""entry-title"">Amazon Interview | Set 113 (On-Campus for Internship)</h1>"
https://www.geeksforgeeks.org/amazon-interview-set-114-campus-internship/,"<h1 class=""entry-title"">Amazon Interview | Set 114 (On-Campus for Internship)</h1>"
https://www.geeksforgeeks.org/amazon-interview-set-115-on-campus/,"<h1 class=""entry-title"">Amazon Interview | Set 115 (On-Campus)</h1>"
https://www.geeksforgeeks.org/amazon-interview-set-116-on-campus/,"<h1 class=""entry-title"">Amazon Interview | Set 116 (On-Campus)</h1>"
https://www.geeksforgeeks.org/amazon-interview-set-117-campus-internship/,"<h1 class=""entry-title"">Amazon Interview | Set 117 (On-Campus for Internship)</h1>"
https://www.geeksforgeeks.org/amazon-interview-set-118-campus-internship/,"<h1 class=""entry-title"">Amazon Interview | Set 118 (On-Campus for Internship)</h1>"
https://www.geeksforgeeks.org/amazon-interview-set-119-campus-internship/,"<h1 class=""entry-title"">Amazon Interview | Set 119 (On-Campus for Internship)</h1>"
https://www.geeksforgeeks.org/amazon-interview-set-121-campus-sde-1/,"<h1 class=""entry-title"">Amazon Interview | Set 121 (On-Campus for SDE-1)</h1>"
https://www.geeksforgeeks.org/amazon-interview-set-120-campus-internship/,"<h1 class=""entry-title"">Amazon Interview | Set 120 (On-Campus for Internship)</h1>"
https://www.geeksforgeeks.org/amazon-interview-set-122-campus-internship/,"<h1 class=""entry-title"">Amazon Interview | Set 122 (On-Campus for Internship)</h1>"
https://www.geeksforgeeks.org/amazon-interview-set-123-campus-internship/,"<h1 class=""entry-title"">Amazon Interview | Set 123 (On-Campus for Internship)</h1>"
https://www.geeksforgeeks.org/toptalent-exclusive-interview-vivek-ruparel-got-amazon/,"<h1 class=""entry-title"">[TopTalent.in] Exclusive Interview with Vivek Ruparel who got into Amazon</h1>"
https://www.geeksforgeeks.org/amazon-telephonic-interview-questions-sde-1/,"<h1 class=""entry-title"">Amazon telephonic interview questions for SDE 1</h1>"
https://www.geeksforgeeks.org/amazon-interview-set-102/,"<h1 class=""entry-title"">Amazon Interview | Set 102</h1>"
https://www.geeksforgeeks.org/amazon-interview-set-103-campus/,"<h1 class=""entry-title"">Amazon Interview | Set 103 (On-Campus)</h1>"
https://www.geeksforgeeks.org/amazon-interview-set-104/,"<h1 class=""entry-title"">Amazon Interview | Set 104</h1>"
https://www.geeksforgeeks.org/amazon-interview-set-96-campus-internship/,"<h1 class=""entry-title"">Amazon Interview | Set 96 (On-Campus for Internship)</h1>"
https://www.geeksforgeeks.org/amazon-interview-set-98-campus/,"<h1 class=""entry-title"">Amazon Interview | Set 98 (On-Campus)</h1>"
https://www.geeksforgeeks.org/amazon-interview-set-97-campus-sde1/,"<h1 class=""entry-title"">Amazon Interview | Set 97 (On-Campus for SDE1)</h1>"
https://www.geeksforgeeks.org/amazon-interview-set-99-campus/,"<h1 class=""entry-title"">Amazon Interview | Set 99 (On-Campus)</h1>"
https://www.geeksforgeeks.org/amazon-interview-set-100-campus/,"<h1 class=""entry-title"">Amazon Interview | Set 100 (On-Campus)</h1>"
https://www.geeksforgeeks.org/amazon-interview-set-105-campus/,"<h1 class=""entry-title"">Amazon Interview | Set 105 (On-Campus)</h1>"
https://www.geeksforgeeks.org/amazon-interview-set-101-campus/,"<h1 class=""entry-title"">Amazon Interview | Set 101 (On-Campus)</h1>"
https://www.geeksforgeeks.org/amazon-interview-set-106-campus-internship/,"<h1 class=""entry-title"">Amazon Interview | Set 106 (On Campus for Internship)</h1>"
https://www.geeksforgeeks.org/amazon-interview-set-107/,"<h1 class=""entry-title"">Amazon Interview | Set 107 (For SDE-1)</h1>"
https://www.geeksforgeeks.org/amazon-interview-set-108-campus/,"<h1 class=""entry-title"">Amazon Interview | Set 108 (On-Campus)</h1>"
https://www.geeksforgeeks.org/amazon-interview-set-110-campus/,"<h1 class=""entry-title"">Amazon Interview | Set 110 (On-Campus)</h1>"
https://www.geeksforgeeks.org/amazon-interview-set-109-campus/,"<h1 class=""entry-title"">Amazon Interview | Set 109 (On-Campus)</h1>"
https://www.geeksforgeeks.org/amazon-interview-set-80/,"<h1 class=""entry-title"">Amazon Interview | Set 80</h1>"
https://www.geeksforgeeks.org/amazon-interview-set-81-for-sde-i/,"<h1 class=""entry-title"">Amazon Interview | Set 81 (For SDE-I)</h1>"
https://www.geeksforgeeks.org/amazon-interview-set-82-for-sde-2/,"<h1 class=""entry-title"">Amazon Interview | Set 82 (For SDE-2)</h1>"
https://www.geeksforgeeks.org/amazon-interview-set-83/,"<h1 class=""entry-title"">Amazon Interview | Set 83</h1>"
https://www.geeksforgeeks.org/amazons-asked-interview-questions/,"<h1 class=""entry-title"">Amazon’s most asked interview questions</h1>"
https://www.geeksforgeeks.org/amazon-interview-set-85/,"<h1 class=""entry-title"">Amazon Interview | Set 85</h1>"
https://www.geeksforgeeks.org/amazon-interview-set-86/,"<h1 class=""entry-title"">Amazon Interview | Set 86</h1>"
https://www.geeksforgeeks.org/amazon-interview-set-84/,"<h1 class=""entry-title"">Amazon Interview | Set 84</h1>"
https://www.geeksforgeeks.org/amazon-interview-set-86-sde/,"<h1 class=""entry-title"">Amazon Interview | Set 87 (For SDE)</h1>"
https://www.geeksforgeeks.org/amazon-interview-set-88/,"<h1 class=""entry-title"">Amazon Interview | Set 88</h1>"
https://www.geeksforgeeks.org/amazon-interview-set-89/,"<h1 class=""entry-title"">Amazon Interview | Set 89</h1>"
https://www.geeksforgeeks.org/amazon-interview-set-90/,"<h1 class=""entry-title"">Amazon Interview | Set 90</h1>"
https://www.geeksforgeeks.org/amazon-interview-set-91/,"<h1 class=""entry-title"">Amazon Interview | Set 91</h1>"
https://www.geeksforgeeks.org/amazon-interview-set-93/,"<h1 class=""entry-title"">Amazon Interview | Set 93</h1>"
https://www.geeksforgeeks.org/amazon-interview-set-95-sde/,"<h1 class=""entry-title"">Amazon Interview | Set 95 (For SDE-I)</h1>"
https://www.geeksforgeeks.org/amazon-interview-set-65-off-campus-for-sde-2amazon-interview-set-65-campus-sde/,"<h1 class=""entry-title"">Amazon Interview | Set 65 (Off-Campus for SDE-2)</h1>"
https://www.geeksforgeeks.org/amazon-interview-set-66-for-sde/,"<h1 class=""entry-title"">Amazon Interview | Set 66 (For SDE)</h1>"
https://www.geeksforgeeks.org/amazon-interview-set-67-for-sde-1/,"<h1 class=""entry-title"">Amazon Interview | Set 67 (For SDE-1)</h1>"
https://www.geeksforgeeks.org/amazon-interview-set-68-for-sde-1/,"<h1 class=""entry-title"">Amazon Interview | Set 68 (For SDE-1)</h1>"
https://www.geeksforgeeks.org/amazon-interview-set-69-sde-1/,"<h1 class=""entry-title"">Amazon Interview | Set 69 (For SDE-1)</h1>"
https://www.geeksforgeeks.org/amazon-interview-set-74/,"<h1 class=""entry-title"">Amazon Interview | Set 74</h1>"
https://www.geeksforgeeks.org/amazon-interview-set-70-on-campus/,"<h1 class=""entry-title"">Amazon Interview | Set 70 (On-Campus For Internship)</h1>"
https://www.geeksforgeeks.org/amazon-interview-set-71-sde-2/,"<h1 class=""entry-title"">Amazon Interview | Set 71 (For SDE-2)</h1>"
https://www.geeksforgeeks.org/amazon-interview-set-72-campus-sde-1/,"<h1 class=""entry-title"">Amazon Interview | Set 72 (Off campus for SDE-1)</h1>"
https://www.geeksforgeeks.org/amazon-interview-set-73-for-sde-1/,"<h1 class=""entry-title"">Amazon Interview | Set 73 (For SDE-1)</h1>"
https://www.geeksforgeeks.org/amazon-interview-set-76-sde-1/,"<h1 class=""entry-title"">Amazon Interview | Set 76 (For SDE-1)</h1>"
https://www.geeksforgeeks.org/amazon-interview-set-77-sde-1/,"<h1 class=""entry-title"">Amazon Interview | Set 77 (Off-Campus For SDE-1 / 1.5yrs experienced)</h1>"
https://www.geeksforgeeks.org/amazon-interview-set-78-fresher-internship/,"<h1 class=""entry-title"">Amazon Interview | Set 78</h1>"
https://www.geeksforgeeks.org/amazon-interview-set-79-sde-1/,"<h1 class=""entry-title"">Amazon Interview | Set 79 (For SDE-1)</h1>"
https://www.geeksforgeeks.org/amazon-interview-set-75-sde-1/,"<h1 class=""entry-title"">Amazon Interview | Set 75 (For SDE-1)</h1>"
https://www.geeksforgeeks.org/amazon-interview-set-52-internship/,"<h1 class=""entry-title"">Amazon Interview | Set 52 (For Internship)</h1>"
https://www.geeksforgeeks.org/amazon-interview-set-53-sde-1/,"<h1 class=""entry-title"">Amazon Interview | Set 53 (For SDE-1)</h1>"
https://www.geeksforgeeks.org/amazon-interview-set-54-internship/,"<h1 class=""entry-title"">Amazon Interview | Set 54 (For Internship)</h1>"
https://www.geeksforgeeks.org/amazon-interview-set-54-on-campus-for-sde/,"<h1 class=""entry-title"">Amazon Interview | Set 54 (On Campus for SDE)</h1>"
https://www.geeksforgeeks.org/amazon-interview-set-55-on-campus/,"<h1 class=""entry-title"">Amazon Interview | Set 55 (On-Campus)</h1>"
https://www.geeksforgeeks.org/amazon-interview-set-54-off-campus-for-sde-1/,"<h1 class=""entry-title"">Amazon Interview | Set 54 (Off-Campus For SDE-1)</h1>"
https://www.geeksforgeeks.org/amazon-interview-set-56-campus/,"<h1 class=""entry-title"">Amazon Interview | Set 56 (Off-Campus)</h1>"
https://www.geeksforgeeks.org/amazon-interview-set-57/,"<h1 class=""entry-title"">Amazon Interview | Set 57 (Off-Campus for SDE-1)</h1>"
https://www.geeksforgeeks.org/amazon-interview-set-58-campus-software-development-engineer/,"<h1 class=""entry-title"">Amazon Interview | Set 58 (On-campus for Software Development Engineer)</h1>"
https://www.geeksforgeeks.org/amazon-interview-set-59-campus-sde-1/,"<h1 class=""entry-title"">Amazon Interview | Set 59 (Off-campus for SDE-1)</h1>"
https://www.geeksforgeeks.org/amazon-interview-set-60-internship/,"<h1 class=""entry-title"">Amazon Interview | Set 60 (For Internship)</h1>"
https://www.geeksforgeeks.org/amazon-interview-set-61-internship/,"<h1 class=""entry-title"">Amazon Interview | Set 61 (For Internship)</h1>"
https://www.geeksforgeeks.org/amazon-interview-set-64-campus-sde/,"<h1 class=""entry-title"">Amazon Interview | Set 64 (Off-Campus for SDE)</h1>"
https://www.geeksforgeeks.org/amazon-interview-set-39/,"<h1 class=""entry-title"">Amazon Interview | Set 39 (SDE)</h1>"
https://www.geeksforgeeks.org/amazon-interview-set-63-sde-1-2/,"<h1 class=""entry-title"">Amazon Interview | Set 63 (For SDE-1)</h1>"
https://www.geeksforgeeks.org/amazon-interview-set-62-for-sde-1/,"<h1 class=""entry-title"">Amazon Interview | Set 62 (For SDE-1)</h1>"
https://www.geeksforgeeks.org/interview-pradeep-verma-nit-trichy-talks-internship-amazon/,"<h1 class=""entry-title"">[TopTalent.in] Interview with Pradeep Verma from NIT Trichy who talks about his internship at Amazon</h1>"
https://www.geeksforgeeks.org/amazon-interview-set-40-campus-round-1/,"<h1 class=""entry-title"">Amazon Interview | Set 40 (On-Campus Round 1)</h1>"
https://www.geeksforgeeks.org/amazon-interview-set-41-campus/,"<h1 class=""entry-title"">Amazon Interview | Set 41 (On–campus)</h1>"
https://www.geeksforgeeks.org/amazon-interview-set-45-internship/,"<h1 class=""entry-title"">Amazon Interview | Set 45 (For Internship)</h1>"
https://www.geeksforgeeks.org/amazon-interview-set-48-campus-sde-1/,"<h1 class=""entry-title"">Amazon Interview | Set 48 (On-campus for SDE-1)</h1>"
https://www.geeksforgeeks.org/amazon-interview-set-47-off-campus-for-sde-1/,"<h1 class=""entry-title"">Amazon Interview | Set 47 (Off-campus for SDE-1)</h1>"
https://www.geeksforgeeks.org/amazon-interview-set-43-campus/,"<h1 class=""entry-title"">Amazon Interview | Set 43 (On-Campus)</h1>"
https://www.geeksforgeeks.org/amazon-interview-set-44-for-internship/,"<h1 class=""entry-title"">Amazon Interview | Set 44 (For Internship)</h1>"
https://www.geeksforgeeks.org/amazon-interview-set-42-on-campus/,"<h1 class=""entry-title"">Amazon Interview | Set 42 (On-Campus)</h1>"
https://www.geeksforgeeks.org/amazon-interview-set-46-campus-internship/,"<h1 class=""entry-title"">Amazon Interview | Set 46 (On-campus for Internship)</h1>"
https://www.geeksforgeeks.org/amazon-interview-set-49-campus-sde-1/,"<h1 class=""entry-title"">Amazon Interview | Set 49 (On-campus for SDE-1)</h1>"
https://www.geeksforgeeks.org/amazon-interview-set-50-campus-sde/,"<h1 class=""entry-title"">Amazon Interview | Set 50 (On-campus for SDE)</h1>"
https://www.geeksforgeeks.org/connect-leaves-doubly-linked-list/,"<h1 class=""entry-title"">Extract Leaves of a Binary Tree in a Doubly Linked List</h1>"
https://www.geeksforgeeks.org/amazon-interview-set-51-campus-sdet/,"<h1 class=""entry-title"">Amazon Interview | Set 51 (On-campus for SDET)</h1>"
https://www.geeksforgeeks.org/amazon-interview-set-38/,"<h1 class=""entry-title"">Amazon Interview | Set 38 (SDE-I)</h1>"
https://www.geeksforgeeks.org/google-facebook-amazon-walmart-pocketgems-all-fighting-for-prasoon-mishra/,"<h1 class=""entry-title"">[TopTalent.in] Google, Facebook, Amazon, Walmart &amp; PocketGems, All Fighting For Prasoon Mishra</h1>"
https://www.geeksforgeeks.org/amazon-interview-set-25/,"<h1 class=""entry-title"">Amazon Interview | Set 25</h1>"
https://www.geeksforgeeks.org/amazon-interview-set-27/,"<h1 class=""entry-title"">Amazon Interview | Set 27</h1>"
https://www.geeksforgeeks.org/amazon-interview-set-26/,"<h1 class=""entry-title"">Amazon Interview | Set 26</h1>"
https://www.geeksforgeeks.org/amazon-interview-3/,"<h1 class=""entry-title"">Amazon Interview | Set 28</h1>"
https://www.geeksforgeeks.org/amazon-interview-set-30/,"<h1 class=""entry-title"">Amazon Interview | Set 30</h1>"
https://www.geeksforgeeks.org/amazon-interview-set-29/,"<h1 class=""entry-title"">Amazon Interview | Set 29</h1>"
https://www.geeksforgeeks.org/amazon-interview-set-31/,"<h1 class=""entry-title"">Amazon Interview | Set 31</h1>"
https://www.geeksforgeeks.org/amazon-interview-set-32/,"<h1 class=""entry-title"">Amazon Interview | Set 32</h1>"
https://www.geeksforgeeks.org/amazon-interview-set-33-2/,"<h1 class=""entry-title"">Amazon Interview | Set 33</h1>"
https://www.geeksforgeeks.org/amazon-interview-set-34/,"<h1 class=""entry-title"">Amazon Interview | Set 34</h1>"
https://www.geeksforgeeks.org/amazon-interview-set-36/,"<h1 class=""entry-title"">Amazon Interview | Set 36</h1>"
https://www.geeksforgeeks.org/amazon-interview-set-35/,"<h1 class=""entry-title"">Amazon Interview | Set 35</h1>"
https://www.geeksforgeeks.org/amazon-interview-set-37/,"<h1 class=""entry-title"">Amazon Interview | Set 37</h1>"
https://www.geeksforgeeks.org/amazon-interview-set-14-2/,"<h1 class=""entry-title"">Amazon Interview | Set 14</h1>"
https://www.geeksforgeeks.org/amazon-interview-set-13-2/,"<h1 class=""entry-title"">Amazon Interview | Set 15</h1>"
https://www.geeksforgeeks.org/amazon-interview-set-13/,"<h1 class=""entry-title"">Amazon Interview |  Set 13</h1>"
https://www.geeksforgeeks.org/amazon-interview-set-16/,"<h1 class=""entry-title"">Amazon Interview | Set 16</h1>"
https://www.geeksforgeeks.org/amazon-interview-set-18/,"<h1 class=""entry-title"">Amazon Interview | Set 18</h1>"
https://www.geeksforgeeks.org/amazon-interview-set-20/,"<h1 class=""entry-title"">Amazon Interview | Set 20</h1>"
https://www.geeksforgeeks.org/amazon-interview-set-12/,"<h1 class=""entry-title"">Amazon Interview | Set 12</h1>"
https://www.geeksforgeeks.org/convert-bst-to-a-binary-tree/,"<h1 class=""entry-title"">Convert a BST to a Binary Tree such that sum of all greater keys is added to every key</h1>"
https://www.geeksforgeeks.org/amazon-interview-set-17/,"<h1 class=""entry-title"">Amazon Interview | Set 17</h1>"
https://www.geeksforgeeks.org/toptalent-in-interview-with-sujeet-gholap-placed-in-microsoft-google-samsung-goldman-sachs-tower-research/,"<h1 class=""entry-title"">[TopTalent.in] Interview with Sujeet Gholap, placed in Microsoft, Google, Samsung, Goldman Sachs &amp; Tower Research</h1>"
https://www.geeksforgeeks.org/amazon-interview-set-21/,"<h1 class=""entry-title"">Amazon Interview | Set 21</h1>"
https://www.geeksforgeeks.org/find-a-triplet-that-sum-to-a-given-value/,"<h1 class=""entry-title"">Find a triplet that sum to a given value</h1>"
https://www.geeksforgeeks.org/amazon-interview-set-19/,"<h1 class=""entry-title"">Amazon Interview | Set 19</h1>"
https://www.geeksforgeeks.org/amazon-interview-set-22/,"<h1 class=""entry-title"">Amazon Interview | Set 22</h1>"
https://www.geeksforgeeks.org/amazon-interview-set-23/,"<h1 class=""entry-title"">Amazon Interview | Set 23</h1>"
https://www.geeksforgeeks.org/find-the-largest-subtree-in-a-tree-that-is-also-a-bst/,"<h1 class=""entry-title"">Find the largest BST subtree in a given Binary Tree | Set 1</h1>"
https://www.geeksforgeeks.org/amazon-interview-set-3/,"<h1 class=""entry-title"">Amazon Interview | Set 3</h1>"
https://www.geeksforgeeks.org/amazon-interview-set-24/,"<h1 class=""entry-title"">Amazon Interview | Set 24</h1>"
https://www.geeksforgeeks.org/count-total-set-bits-in-all-numbers-from-1-to-n/,"<h1 class=""entry-title"">Count total set bits in all numbers from 1 to n</h1>"
https://www.geeksforgeeks.org/amazon-interview/,"<h1 class=""entry-title"">Amazon Interview | Set 1</h1>"
https://www.geeksforgeeks.org/amazon-interview-set-2/,"<h1 class=""entry-title"">Amazon Interview | Set 2</h1>"
https://www.geeksforgeeks.org/amazon-interview-set-4-3/,"<h1 class=""entry-title"">Amazon Interview | Set 5</h1>"
https://www.geeksforgeeks.org/amazon-interview-set-4-2/,"<h1 class=""entry-title"">Amazon Interview | Set 4</h1>"
https://www.geeksforgeeks.org/reverse-a-linked-list/,"<h1 class=""entry-title"">Reverse a linked list</h1>"
https://www.geeksforgeeks.org/amazon-interview-2/,"<h1 class=""entry-title"">Amazon Interview | Set 6</h1>"
https://www.geeksforgeeks.org/microsoft-interview-set-7-2/,"<h1 class=""entry-title"">Amazon Interview | Set 7</h1>"
https://www.geeksforgeeks.org/amazon-interview-set-8/,"<h1 class=""entry-title"">Amazon Interview | Set 8</h1>"
https://www.geeksforgeeks.org/amazon-interview-set-8-2/,"<h1 class=""entry-title"">Amazon Interview | Set 9</h1>"
https://www.geeksforgeeks.org/amazon-interview-set-9-answers/,"<h1 class=""entry-title"">Amazon Interview | Set 9 (Answers)</h1>"
https://www.geeksforgeeks.org/amazon-interview-set-10/,"<h1 class=""entry-title"">Amazon Interview | Set 10</h1>"
https://www.geeksforgeeks.org/check-for-children-sum-property-in-a-binary-tree/,"<h1 class=""entry-title"">Check for Children Sum Property in a Binary Tree</h1>"
https://www.geeksforgeeks.org/amazon-interview-set-11/,"<h1 class=""entry-title"">Amazon Interview | Set 11</h1>"
